name,when,minutes,epochs,best_epoch,val_loss,mean,pore_count,pore_grade,wrinkle_grade,wrinkle_ra,pigment_grade,acne_count,age,seed,lr_backbone,lr_head,freeze_stages,aug_rotate,aug_scale,aug_bright,head_hidden,dropout,backbone,detached_tasks,batch_size,weight_decay
기준,09-26 03:10,10.3,15,6,0.1836,0.7441,0.8389,0.5585,0.8561,0.6622,0.8472,0.5119,0.9338,,,,,,,,,,,,,
기준(seed 43),09-26 03:19,9.1,15,5,0.1845,0.742,0.8342,0.5349,0.8573,0.693,0.8381,0.5193,0.9172,43,,,,,,,,,,,,
학습률 x0.25,09-26 03:32,13.0,15,9,0.1853,0.7476,0.8357,0.5889,0.8547,0.6575,0.8375,0.5323,0.9266,,5e-06,5e-05,,,,,,,,,,
학습률 x0.5,09-26 03:42,10.3,15,6,0.1827,0.7465,0.8324,0.5785,0.8534,0.6638,0.8396,0.5285,0.9291,,1e-05,0.0001,,,,,,,,,,
학습률 x2,09-26 03:53,11.0,15,7,0.1837,0.7398,0.8249,0.5763,0.8595,0.6582,0.8485,0.4714,0.9397,,4e-05,0.0004,,,,,,,,,,
학습률 x4,09-26 04:05,12.0,15,8,0.185,0.7457,0.8411,0.5641,0.8469,0.6653,0.8394,0.5231,0.9401,,8e-05,0.0008,,,,,,,,,,
동결 없음,09-26 04:19,13.6,15,6,0.1831,0.7426,0.8336,0.5572,0.8532,0.6701,0.8425,0.5096,0.9322,,,,0,,,,,,,,,
동결 3단계,09-26 04:30,11.4,15,8,0.1948,0.7392,0.8401,0.5954,0.843,0.6489,0.8336,0.5013,0.9125,,,,3,,,,,,,,,
증강 x0,09-26 04:37,6.7,15,3,0.1842,0.7496,0.8368,0.5855,0.8438,0.6621,0.8402,0.5522,0.9266,,,,,0,0.0,0.0,,,,,,
증강 x0.5,09-26 04:47,10.0,15,6,0.1831,0.745,0.8357,0.5471,0.8532,0.6743,0.8435,0.5254,0.9357,,,,,5.0,0.025,0.05,,,,,,
증강 x2,09-26 04:57,9.9,15,6,0.1812,0.7489,0.8379,0.5912,0.8583,0.6583,0.8435,0.5224,0.9309,,,,,20,0.1,0.2,,,,,,
증강 x3,09-26 05:07,10.0,15,6,0.1819,0.746,0.8366,0.5753,0.86,0.6652,0.845,0.508,0.932,,,,,30,0.15,0.3,,,,,,
헤드 1층,09-26 05:17,10.0,15,6,0.1852,0.7436,0.8318,0.5584,0.8511,0.666,0.8421,0.5245,0.9314,,,,,,,,0,,,,,
헤드 512,09-26 05:27,10.0,15,6,0.1834,0.7443,0.8415,0.5524,0.8516,0.669,0.8385,0.5271,0.9302,,,,,,,,512,,,,,
드롭아웃 0,09-26 05:37,10.0,15,6,0.1837,0.7423,0.8396,0.5484,0.8528,0.6664,0.8472,0.5086,0.9334,,,,,,,,,0,,,,
드롭아웃 0.1,09-26 05:47,10.0,15,6,0.1834,0.7443,0.8387,0.556,0.8538,0.6649,0.848,0.5162,0.9324,,,,,,,,,0.1,,,,
드롭아웃 0.4,09-26 05:57,10.0,15,6,0.1808,0.749,0.8361,0.5603,0.8616,0.6788,0.8444,0.527,0.9347,,,,,,,,,0.4,,,,
백본 small,09-26 06:10,13.1,15,5,0.181,0.7529,0.849,0.5782,0.8566,0.6612,0.8489,0.5389,0.9373,,,,,,,,,,convnext_small.fb_in22k_ft_in1k,,,
나이 분리,09-26 06:20,10.0,15,6,0.1876,0.7436,0.8409,0.576,0.8445,0.6567,0.8445,0.5258,0.917,,,,,,,,,,,"('age',)",,
배치 16,09-26 06:28,8.4,15,5,0.1833,0.7412,0.8349,0.5843,0.8457,0.67,0.8331,0.4894,0.9308,,,,,,,,,,,,16,
weight_decay 0,09-26 06:38,10.0,15,6,0.1838,0.7442,0.8393,0.5589,0.8557,0.6635,0.8473,0.5112,0.9339,,,,,,,,,,,,,0
weight_decay 0.01,09-26 06:48,10.0,15,6,0.1837,0.7443,0.839,0.5592,0.8558,0.6633,0.8471,0.5116,0.9338,,,,,,,,,,,,,0.01
weight_decay 0.1,09-26 06:58,10.0,15,6,0.1833,0.7438,0.8387,0.5573,0.8563,0.6608,0.8468,0.5129,0.9339,,,,,,,,,,,,,0.1
조합 (증강x2+드롭0.4),09-26 14:10,11.6,15,8,0.1797,0.7527,0.8416,0.5972,0.8526,0.6547,0.8466,0.538,0.9383,,,,,20,0.1,0.2,,0.4,,,,
